category,units,order_count,item_revenue,freight,average_review_score,reviewed_orders
health_beauty,9670,8836,1258681.34,182566.73,4.180709155170448,8771
watches_gifts,5991,5624,1205005.68,100535.93,4.065459110473458,5576
bed_bath_table,11115,9417,1036988.68,204693.04,3.9705787608718994,9313
sports_leisure,8641,7720,988048.97,168607.51,4.167166514539053,7669
computers_accessories,7827,6689,911954.32,147318.08,4.025567754549557,6649
furniture_decor,8334,6449,729762.49,172749.3,4.009221631759925,6398
cool_stuff,3796,3632,635290.85,84039.1,4.170325090302862,3599
housewares,6964,5884,632248.66,146149.11,4.140852301899709,5843
auto,4235,3897,592720.11,92664.21,4.089244261026567,3877
garden_tools,4347,3518,485256.46,98962.75,4.13558352402746,3496
toys,4117,3886,483946.6,77425.95,4.188684142226836,3853
baby,3065,2885,411764.89,68353.11,4.0384480950716535,2861
perfumery,3419,3162,399124.87,54213.84,4.203174603174603,3150
telephony,4545,4199,323667.52999999997,71215.79,4.003119001919385,4168
office_furniture,1691,1273,273960.7,68571.95,3.6183689627870153,1263
stationery,2517,2311,230943.23,46798.48,4.245315904139433,2295
computers,203,181,222963.13,9836.3,4.174157303370786,178
pet_shop,1947,1710,214315.41,39561.24,4.238095238095238,1701
musical_instruments,680,628,191498.88,18638.49,4.181672025723473,622
small_appliances,679,630,190648.58,16020.25,4.171474358974359,624
unknown,1603,1451,179535.28,28169.81,3.9117442668519806,1439
electronics,2767,2550,160246.74,46578.32,4.095219280916634,2531
consoles_games,1137,1062,157465.22,19828.02,4.065589353612167,1052
fashion_bags_accessories,2031,1864,152823.54,31450.0,4.1898597626752965,1854
construction_tools_construction,929,748,144677.59,20650.41,4.082099596231494,743
luggage_accessories,1092,1034,140429.98,30445.23,4.331067961165049,1030
home_appliances_2,238,234,113317.74,10600.18,4.133620689655173,232
home_construction,604,490,83088.12,13832.24,3.9671457905544147,487
home_appliances,771,764,80171.53,14818.9,4.1563731931668855,761
agro_industry_and_commerce,212,182,72530.47,5843.6,4.021978021978022,182
furniture_living_room,503,422,68916.56,17968.170000000002,4.028776978417266,417
fixed_telephony,264,217,59583.0,4637.81,3.9018691588785046,214
home_confort,434,397,58572.04,8501.23,3.8607594936708862,395
air_conditioning,297,253,55024.96,6749.23,4.028112449799197,249
audio,364,350,50688.5,5710.44,3.835734870317003,347
small_appliances_home_oven_and_coffee,76,75,47445.71,2747.86,4.293333333333333,75
books_general_interest,553,512,46856.88,9195.52,4.46259842519685,508
kitchen_dining_laundry_garden_furniture,281,248,46328.37,11999.43,4.040650406504065,246
construction_tools_lights,304,244,41080.0,7583.8,4.124481327800829,241
construction_tools_safety,194,167,40544.52,3919.1,3.8493975903614457,166
industry_commerce_and_business,268,235,39669.61,7884.68,4.1888412017167385,233
food,510,450,29393.41,7271.03,4.276404494382023,445
market_place,311,280,28378.47,5456.06,4.028776978417266,278
costruction_tools_garden,238,194,25715.89,5311.4,4.190721649484536,194
art,209,202,24202.64,4045.17,4.025,200
fashion_shoes,262,240,23562.77,4918.87,4.2076271186440675,236
drinks,379,297,22428.7,5741.25,4.162162162162162,296
signaling_and_security,199,140,21509.23,6507.820000000001,4.108695652173913,138
furniture_bedroom,109,95,20028.78,4632.23,4.136842105263158,95
books_technical,267,260,19096.06,4283.06,4.400778210116732,257
costruction_tools_tools,103,97,15903.95,2030.22,4.425531914893617,94
food_drink,278,227,15179.48,4507.99,4.380530973451328,226
fashion_male_clothing,132,112,10797.82,2152.41,3.7027027027027026,111
fashion_underwear_beach,131,121,9541.55,1916.19,3.933333333333333,120
christmas_supplies,153,128,8800.82,3229.2999999999997,4.055555555555555,126
tablets_printing_image,83,79,7528.41,1226.2,4.1558441558441555,77
cine_photo,72,65,6933.46,1256.2,4.230769230769231,65
music,38,38,6034.35,690.51,4.2105263157894735,38
dvds_blu_ray,64,59,5999.39,1288.74,4.086206896551724,58
books_imported,60,53,4639.85,769.85,4.320754716981132,53
party_supplies,43,39,4485.18,827.97,4.0,39
furniture_mattress_and_upholstery,38,38,4368.08,1630.46,3.8157894736842106,38
portable_kitchen_and_food_preparers,15,14,3968.5299999999997,309.76,3.4285714285714284,14
fashio_female_clothing,48,39,2803.64,621.75,3.6923076923076925,39
fashion_sport,30,27,2119.51,578.13,4.2592592592592595,27
la_cuisine,14,13,2054.99,333.55,4.25,12
arts_and_craftmanship,24,23,1814.01,370.13,4.173913043478261,23
diapers_and_hygiene,39,27,1567.59,573.68,3.740740740740741,27
pc_gamer,9,8,1545.95,133.57,3.125,8
flowers,33,29,1110.04,488.87,4.392857142857143,28
home_comfort_2,30,24,760.27,410.31,3.8260869565217392,23
cds_dvds_musicals,14,12,730.0,224.98999999999998,4.666666666666667,12
fashion_childrens_clothes,8,8,569.85,95.51,4.5,8
security_and_services,2,2,283.28999999999996,41.22,2.5,2
