month,customers,new_customers,returning_customers
2016-09-01,4,4,0
2016-10-01,321,321,0
2016-12-01,1,1,0
2017-01-01,765,764,1
2017-02-01,1755,1752,3
2017-03-01,2642,2636,6
2017-04-01,2372,2352,20
2017-05-01,3625,3596,29
2017-06-01,3180,3139,41
2017-07-01,3947,3894,53
2017-08-01,4246,4184,62
2017-09-01,4212,4130,82
2017-10-01,4561,4470,91
2017-11-01,7430,7304,126
2017-12-01,5603,5487,116
2018-01-01,7166,7025,141
2018-02-01,6569,6451,118
2018-03-01,7115,6965,150
2018-04-01,6882,6711,171
2018-05-01,6814,6622,192
2018-06-01,6128,5940,188
2018-07-01,6230,6071,159
2018-08-01,6460,6271,189
2018-09-01,14,5,9
2018-10-01,4,1,3
