month,order_count,customer_count,average_order_value,reviewed_orders,average_review_score,item_revenue,freight,payments,order_growth_rate,running_item_revenue
2016-09-01,4,4,84.08,4,1.0,267.36,87.39,252.24,,267.36
2016-10-01,324,321,182.37802469135804,319,3.561128526645768,49507.66,7301.18,59090.48,80.0,49775.020000000004
2016-12-01,1,1,19.62,1,5.0,10.9,8.72,19.62,-0.9969135802469136,49785.920000000006
2017-01-01,800,765,173.11005,790,4.0620253164556965,120312.87,16875.62,138488.04,799.0,170098.79
2017-02-01,1780,1755,163.99326404494383,1768,4.016402714932127,247303.02,38977.6,291908.01,1.225,417401.81
2017-03-01,2682,2642,167.73437733035047,2661,4.074032318677189,374344.3,57704.29,449863.6,0.5067415730337079,791746.11
2017-04-01,2404,2372,173.7886980033278,2387,4.043988269794721,359927.23,52495.01,417788.03,-0.1036539895600298,1151673.3399999999
2017-05-01,3700,3625,160.2483297297297,3666,4.1402073104200765,506071.14,80119.81,592918.82,0.5391014975041597,1657744.48
2017-06-01,3245,3180,157.5582064714946,3218,4.1469857054070856,433038.6,69924.44,511276.38,-0.12297297297297294,2090783.08
2017-07-01,4026,3947,147.13932439145555,3990,4.176441102756892,498031.48,86940.14,592382.92,0.2406779661016949,2588814.56
2017-08-01,4331,4246,155.71376587393212,4298,4.238715681712424,573971.68,94232.92,674396.32,0.07575757575757569,3162786.24
2017-09-01,4285,4212,169.839544924154,4251,4.188191013879087,624401.6900000001,95997.22,727762.45,-0.01062110367120761,3787187.93
2017-10-01,4631,4561,168.36058734614554,4593,4.123448726322665,664219.43,105092.94,779677.88,0.08074679113185534,4451407.36
2017-11-01,7544,7430,158.3884941675504,7480,3.9106951871657754,1010271.37,168872.4,1194882.8,0.6290218095443749,5461678.73
2017-12-01,5673,5603,154.8389705623127,5612,4.0178189593727724,743914.17,119633.06,878401.48,-0.24801166489925763,6205592.9
2018-01-01,7269,7166,153.3916879900949,7201,4.041105402027497,950030.36,157271.53,1115004.18,0.28133262823902694,7155623.260000001
2018-02-01,6728,6569,147.512387039239,6672,3.825689448441247,844178.71,142730.25,992463.34,-0.07442564314211031,7999801.970000001
2018-03-01,7211,7115,160.81710165025657,7148,3.7529378847229995,983213.4400000001,171913.38,1159652.12,0.07178953626634965,8983015.41
2018-04-01,6939,6882,167.28425997982418,6883,4.162138602353625,996647.75,163050.29,1160785.48,-0.037720149771182876,9979663.16
2018-05-01,6873,6814,167.90079295795138,6839,4.194180435736219,996517.68,153264.14,1153982.15,-0.009511456982274069,10976180.84
2018-06-01,6167,6128,166.0257013134425,6141,4.2774792379091355,865124.31,157552.8,1023880.5,-0.10272079150298263,11841305.15
2018-07-01,6292,6230,169.50743006993008,6247,4.263006242996639,895507.22,163220.81,1066540.75,0.020269174639208742,12736812.370000001
2018-08-01,6512,6460,157.0063452088452,6485,4.256129529683886,854686.33,148622.13999999998,1022425.32,0.034965034965035,13591498.700000001
2018-09-01,16,14,277.47125,15,1.8,145.0,21.46,4439.54,-0.9975429975429976,13591643.700000001
2018-10-01,4,4,147.41750000000002,4,2.25,,,589.6700000000001,-0.75,13591643.700000001
