customer_state,order_count,customer_count,average_delivery_days,late_delivery_rate,known_delivery_outcomes,average_review_score,item_revenue,freight
AC,80,76,21.035712962962965,0.0375,80,4.0875,15930.97,3644.36
AL,397,387,24.543855361974067,0.2141057934508816,397,3.8477157360406093,78855.72,15316.77
AM,145,140,26.42599090038314,0.027586206896551724,145,4.243055555555555,22155.84,5429.63
AP,67,66,27.185067716970703,0.029850746268656716,67,4.242424242424242,13374.81,2767.0
BA,3256,3158,19.335465824489262,0.12162162162162163,3256,3.930628677609167,493584.14,97553.67
CE,1279,1258,21.26657863492891,0.1376075058639562,1279,3.9442262372348784,219757.38,46679.39
DF,2080,2019,12.96756810897436,0.05673076923076923,2080,4.131400966183575,296498.41,49624.94
ES,1995,1928,15.789307110368513,0.10726817042606517,1995,4.078720162519045,268643.45,49014.48
GO,1957,1895,15.606338535456764,0.06540623403168115,1957,4.105858170606372,282836.7,51375.65
MA,717,700,21.572976474120562,0.17433751743375175,717,3.832865168539326,117009.38,30794.17
MG,11354,11001,12.008665646060452,0.04571076272679232,11354,4.192290651307045,1552481.83,266409.84
MS,701,681,15.618319018465684,0.09700427960057062,701,4.161659513590844,115429.97,18937.579999999998
MT,886,856,18.05575601172561,0.05981941309255079,886,4.145620022753128,152191.62,29032.8
PA,946,922,23.77291691136168,0.11205073995771671,946,3.9142550911039655,174470.59,37552.98
PB,517,504,20.426767609606706,0.10444874274661509,517,4.076171875,112586.82,25251.73
PE,1593,1551,18.448322994408407,0.096045197740113,1593,4.082963901203294,251889.49,57082.56
PI,476,464,19.45709826291628,0.13865546218487396,476,3.9936305732484074,84721.0,20457.19
PR,4923,4769,11.991582227413277,0.04042250660166565,4923,4.239795918367347,666063.51,115645.29
RJ,12350,11917,15.30943754217274,0.12105263157894737,12350,3.965440995823438,1759651.1300000001,295750.44
RN,474,464,19.27815620604782,0.09282700421940929,474,4.150743099787686,82105.66,18609.12
RO,243,231,19.37203651310776,0.02880658436213992,243,4.1652892561983474,45682.76,11283.24
RR,41,40,29.387546014001806,0.12195121951219512,41,3.902439024390244,7057.47,1982.05
RS,5345,5168,15.300276192406853,0.06081586826347305,5344,4.18490707715412,728897.47,132575.32
SC,3546,3449,14.954782876767771,0.08206429780033841,3546,4.133560670645069,507012.13,88115.65
SE,335,329,21.519788280818133,0.15223880597014924,335,3.907185628742515,56574.19,13714.94
SP,40501,39156,8.761385996084925,0.044944930113103174,40494,4.245822263054652,5067633.16,702069.99
TO,274,267,17.65806260982698,0.09854014598540146,274,4.153846153846154,48402.51,11604.86
